type,title,description,longitude,latitude,geometry_type
Feature,Information Technology Department,This is a department for IT Students,19.111639,77.295163,Point
Feature,Computer Science Department,This is a department for CSE Students,19.111483,77.295029,Point
Feature,Textile Department,This is a department for Textile Students,19.111061,77.294898,Point
Feature,Production Department,This is a department for Production students,19.111515,77.294548,Point
Feature,ENTC Department,This is a department for ENTC students,19.111509,77.293809,Point
Feature,Chemical Department,This is a department for Chemical students,19.111506,77.295153,Point
Feature,Mechanical Department,This is a department for Mechanical students,19.111524,77.295072,Point
Feature,Civil Department,This is a department for Civil students,19.111855,77.294249,Point
Feature,Electrical Department,This is a department for Electrical students,19.111992,77.294151,Point
